	AdultKidney2	AdultKidney4
Monocytes	17.2782	17.686777
Other	26.952597	33.420524
CD4_T_cells	40.392604	34.041920000000005
B_cells	2.9207299	3.5195462
NK_cells	4.2844515	4.2018175000000015
CD8_T_cells	8.1714235	7.129410000000001
T_cells	48.5640275	41.17133000000001
Lymphocytes	55.7692089	48.89269370000001
