	DLBCL1	DLBCL2	DLBCL3	FL1	FL2	FL3	FL4	rLN1	rLN2	rLN3	tFL1	tFL2
Monocytes	0.19994827	0.7367485699999999	2.8857797	1.4325048	1.3643063999999998	1.8684528999999999	1.1113071	2.809965	1.5181173000000001	2.0822015	2.4742171	1.4430118
Other	6.1097365	10.1378046	7.728849	2.61312	1.3243281	4.0782377	0.9224658	8.231449000000001	6.281465999999999	5.1456053	8.851201	2.196539
CD4_T_cells	1.2415363000000001	7.541367	10.372575	19.594371	14.413965	15.256323000000002	7.5549979999999985	32.1105	13.390301	33.058330000000005	15.825038	3.46021
B_cells	66.69369	47.63349	38.75636	41.91815	47.518477	45.718014000000004	53.81913	16.496207000000002	52.605957	36.92494600000001	34.305024	50.83662
NK_cells	1.34234205	2.0031715	6.688747599999999	2.0092772	2.1409536	2.4736531000000004	3.053914	5.6116577	3.3994425	3.3152845	2.949161	3.0882334
CD8_T_cells	24.412747000000003	31.947420000000005	33.567694	32.432577	33.237970000000004	30.60532000000001	33.538174999999995	34.740221999999996	22.804713	19.473636	35.595357	38.975385
T_cells	25.654283300000003	39.488787	43.940269	52.026948	47.651934999999995	45.86164300000001	41.09317299999999	66.85072199999999	36.195014	52.531966	51.420395	42.43559499999999
Lymphocytes	93.69031535	89.12544849999998	89.3853766	95.9543752	97.3113656	94.05331009999999	97.966217	88.95858670000001	92.2004135	92.77219650000002	88.67457999999998	96.36044840000001
