	DLBCL1	DLBCL2	DLBCL3	FL1	FL2	FL3	FL4	rLN1	rLN2	rLN3	tFL1	tFL2
B_cells	37.9132383118312	76.6444534940398	69.0419074754667	84.06611825470894	55.923851228711996	89.7657052410878	70.4528284661087	11.598962944379304	54.05420560780539	41.6385274349819	52.20269392357661	52.791275877595794
CD4_T_cells	2.54262258371317	0.0706679383098861	0.00014077979062943202	2.0129365391400498	3.0728320438717005	3.9776211560748e-05	0.8860534029552041	2.8835982625163696	0.0019048745046946602	11.1910385811363	4.991569097085151	0.032434081660222804
CD8_T_cells	3.20008472198015e-05	2.6154960352273397e-06	0.0392278749967886	3.4875998331405	3.1869824904123103	1.83491429731072	4.82061376314389	19.901156005105893	2.37607551917618	12.8144216785888	5.76524331354169	2.18898180745674
Monocytes	0.0224754975098523	3.7283388837581886e-06	9.159789629026442e-07	6.861960171568081e-06	7.70000923592956e-07	3.31944765272039e-05	0.00012130760315365103	0.14212610225394298	3.26128005570247e-06	1.3853317734431e-07	0.0637767495119684	1.20848426306927e-08
Neutrophils	0.16618689061990902	7.951965060094692e-05	0.00023833245295614702	0.0356053246977424	0.116701612494761	0.00749180487677832	0.000107723865818448	1.16075411017449e-05	6.104057596428578e-05	6.871012028763949e-06	0.000106115880894689	0.40379889459084994
NK_cells	0.0985487146229371	0.183401784670035	0.5763426847656179	0.00499719300835854	0.00042080702244773197	0.36028602483217503	0.659597177766407	0.17875233254235398	0.6082607987368349	1.69754139455109	0.5209057804113421	0.24543783782339804
Other	59.256896000855704	23.1013909194948	30.3421419365484	10.392735993344198	37.6992110474859	8.03152966120447	23.1806781585568	65.29539274566099	42.95948889792089	32.6584639011967	36.4557050199923	44.3380714887881
T_cells	2.5426545845603896	0.07067055380592133	0.03936865478741803	5.50053637228055	6.259814534284011	1.834954073522281	5.706667166099094	22.784754267622272	2.3779803936808745	24.005460259725105	10.756812410626841	2.2214158891169626
Lymphocytes	40.55444161101453	76.89852583251573	69.65761881501975	89.57165181999784	62.184086570018465	91.96094533944223	76.81909280997421	34.56246954454392	57.040446800223116	67.34152908925809	63.48041211461478	55.25812960453617
