	AdultKidney2	AdultKidney4
B cells naive	0.0	0.19193912130977894
B cells memory	2.02672933566897	2.43820666928794
Plasma_B_cells	0.0	34.71365955250589
CD8_T_cells	8.88816148648057	2.72439839299766
T cells CD4 naive	0.0	0.0
T cells CD4 memory resting	3.715862258458421	3.4896771206470403
T cells CD4 memory activated	1.93115203761169	0.0
T cells follicular helper	0.0473193071718566	0.044809394406574006
T cells regulatory (Tregs)	0.0	0.20724089115261898
T cells gamma delta	2.8490200536366896	0.0
NK cells resting	0.0	0.0
NK cells activated	7.261640624288121	6.26364770784968
Monocytes	6.84448051815911	13.6777726202815
Macrophages M0	0.0	0.0
Macrophages_M1	0.324689741927639	0.97062838453335
Macrophages_M2	11.204583282668102	5.1607622155510295
Dendritic cells resting	5.48389914601862	3.92849355679968
Dendritic cells activated	3.7405741294548305	0.6078256457025101
Mast cells resting	0.0	0.0
Mast cells activated	43.183094256623	24.4821956458427
Eosinophils	1.78459088786566	1.09874308113214
Neutrophils	0.7142029339667699	0.0
P-value	0.0	0.0
Correlation	23.761805149481102	45.53634645785729
RMSE	104.632301985733	89.4568095126024
B_cells	2.02672933566897	37.34380534310361
CD4_T_cells	5.694333603241968	3.7417274062062336
T_cells	17.431515143359224	6.466125799203893
NK_cells	7.261640624288121	6.26364770784968
Macrophages	11.52927302459574	6.13139060008438
Dendritic_cells	9.22447327547345	4.536319202502192
Mast_cells	43.183094256623	24.4821956458427
Non_plasma_B_cells	2.02672933566897	2.6301457905977195
Lymphocytes	26.719885103316315	50.073578850157176
